Company,Group
Beaverbrooks the Jewellers,Blackpool Leadership Board
Blackpool Football Club Ltd,Blackpool Leadership Board
Cisco,Blackpool Leadership Board
Lloyds Banking Group,Blackpool Leadership Board
Muse Developments,Blackpool Leadership Board
Nikal,Blackpool Leadership Board
Tandem Bank,Blackpool Leadership Board
United Utilities,Blackpool Leadership Board
Victrex plc,Blackpool Leadership Board
AtkinsRealis,Bradford Leadership Board
CityFibre,Bradford Leadership Board
Jacobs,Bradford Leadership Board
Mott MacDonald Group,Bradford Leadership Board
Muse Developments,Bradford Leadership Board
PwC,Bradford Leadership Board
Solenis,Bradford Leadership Board
WM Morrison Supermarkets LTD,Bradford Leadership Board
Yorkshire Building Society,Bradford Leadership Board
Amazon,Coventry Leadership Board
Aston Martin Lagonda,Coventry Leadership Board
Capita Group,Coventry Leadership Board
City & Guilds Group,Coventry Leadership Board
Coventry Building Society,Coventry Leadership Board
Coventry City FC,Coventry Leadership Board
Deloitte LLP,Coventry Leadership Board
HSBC Bank,Coventry Leadership Board
Jaguar Land Rover,Coventry Leadership Board
JLL,Coventry Leadership Board
Orbit Group Ltd,Coventry Leadership Board
Salesforce.com,Coventry Leadership Board
Severn Trent,Coventry Leadership Board
University of Warwick,Coventry Leadership Board
Anglian Water Group,East of England Leadership Board
AVIVA,East of England Leadership Board
CITB,East of England Leadership Board
EDF Energy,East of England Leadership Board
EMCOR (UK),East of England Leadership Board
Kier Group,East of England Leadership Board
KPMG,East of England Leadership Board
Marsh McLennan,East of England Leadership Board
National Grid,East of England Leadership Board
NatWest Group,East of England Leadership Board
Saffery LLP,East of England Leadership Board
Sodexo,East of England Leadership Board
Dwr Cymru Welsh Water,Newport Leadership Board
KLA,Newport Leadership Board
Linklaters,Newport Leadership Board
Mott MacDonald Group,Newport Leadership Board
Pobl Group,Newport Leadership Board
STG Aerospace,Newport Leadership Board
University of South Wales,Newport Leadership Board
Wales & West Utilities Ltd,Newport Leadership Board
Accenture,North East Leadership Board
Arup,North East Leadership Board
Beaverbrooks the Jewellers,North East Leadership Board
Blackpool Football Club Ltd,North East Leadership Board
bp,North East Leadership Board
Capita Group,North East Leadership Board
Cisco,North East Leadership Board
Costain Group,North East Leadership Board
Deloitte LLP,North East Leadership Board
Dwr Cymru Welsh Water,North East Leadership Board
EDF Energy,North East Leadership Board
GlaxoSmithKline,North East Leadership Board
Greggs,North East Leadership Board
Hydrock,North East Leadership Board
KLA,North East Leadership Board
Linklaters,North East Leadership Board
Mayborn Group,North East Leadership Board
Mott MacDonald Group,North East Leadership Board
Muse Developments,North East Leadership Board
Newcastle Building Society,North East Leadership Board
Newcastle Business School,North East Leadership Board
Nikal,North East Leadership Board
North Star Housing Group,North East Leadership Board
Pobl Group,North East Leadership Board
PwC,North East Leadership Board
Sage plc,North East Leadership Board
Sodexo,North East Leadership Board
STG Aerospace,North East Leadership Board
Tandem Bank,North East Leadership Board
University of South Wales,North East Leadership Board
Victrex plc,North East Leadership Board
Wales & West Utilities Ltd,North East Leadership Board
Bank of America,North West Leadership Board
Cisco,North West Leadership Board
Deloitte LLP,North West Leadership Board
DWF,North West Leadership Board
Electricity North West Ltd,North West Leadership Board
Enterprise Mobility,North West Leadership Board
Henry Boot plc,North West Leadership Board
Hydrock,North West Leadership Board
Irwin Mitchell,North West Leadership Board
KPMG,North West Leadership Board
NatWest Group,North West Leadership Board
Novus Property Solutions,North West Leadership Board
PwC,North West Leadership Board
Saffery LLP,North West Leadership Board
Siemens PLC,North West Leadership Board
Sodexo,North West Leadership Board
United Utilities,North West Leadership Board
University of Manchester,North West Leadership Board
Accenture,South East Leadership Board
Amazon,South East Leadership Board
bp,South East Leadership Board
British Airways,South East Leadership Board
Capita Group,South East Leadership Board
Costain Group,South East Leadership Board
Deloitte LLP,South East Leadership Board
EDF Energy,South East Leadership Board
EY,South East Leadership Board
Goldman Sachs International,South East Leadership Board
Grant Thornton,South East Leadership Board
Greggs,South East Leadership Board
KPMG,South East Leadership Board
Linklaters,South East Leadership Board
Mayborn Group,South East Leadership Board
NatWest Group,South East Leadership Board
Newcastle Building Society,South East Leadership Board
Newcastle Business School,South East Leadership Board
North Star Housing Group,South East Leadership Board
Phoenix Group,South East Leadership Board
PwC,South East Leadership Board
Sage plc,South East Leadership Board
Santander UK,South East Leadership Board
Sodexo,South East Leadership Board
United Utilities,South East Leadership Board
Verizon UK Limited,South East Leadership Board
Worldline,South East Leadership Board
AVIVA,South West Leadership Board
Bishop Fleming,South West Leadership Board
Bristol Airport,South West Leadership Board
Burges Salmon,South West Leadership Board
Costain Group,South West Leadership Board
Deloitte LLP,South West Leadership Board
EDF Energy,South West Leadership Board
Enterprise Mobility,South West Leadership Board
Hydrock,South West Leadership Board
JLL,South West Leadership Board
KPMG,South West Leadership Board
LiveWest Homes Limited,South West Leadership Board
NatWest Group,South West Leadership Board
Sovereign Network Group,South West Leadership Board
Verizon UK Limited,South West Leadership Board
Cooley LLP,London Leadership Board
Enterprise Mobility,London Leadership Board
Goldman Sachs International,London Leadership Board
Grant Thornton,London Leadership Board
InterContinental Hotels Group,London Leadership Board
Kyndryl,London Leadership Board
Linklaters,London Leadership Board
NatWest Group,London Leadership Board
NHS London,London Leadership Board
Sky,London Leadership Board
Sovereign Network Group,London Leadership Board
Standard Chartered,London Leadership Board
Thames Clippers,London Leadership Board
Verizon UK Limited,London Leadership Board
WildHearts,London Leadership Board
Worldline,London Leadership Board
WPPÂ PLC,London Leadership Board
Aegon UK,Scotland Leadership Board
Bakkafrost Scotland Limited,Scotland Leadership Board
Crown Estate Scotland,Scotland Leadership Board
Enterprise Mobility,Scotland Leadership Board
Hydrock,Scotland Leadership Board
NatWest Group,Scotland Leadership Board
PwC,Scotland Leadership Board
Santander UK,Scotland Leadership Board
Shell UK,Scotland Leadership Board
Sky,Scotland Leadership Board
Sodexo,Scotland Leadership Board
Amey PLC,Wales Leadership Board
Arup,Wales Leadership Board
Deloitte LLP,Wales Leadership Board
Dwr Cymru Welsh Water,Wales Leadership Board
Hydrock,Wales Leadership Board
Principality Building Society,Wales Leadership Board
PwC,Wales Leadership Board
Severn Trent,Wales Leadership Board
Sodexo,Wales Leadership Board
Verizon UK Limited,Wales Leadership Board
ADI Group,West Midlands Leadership Board
AF Blakemore & Son Ltd,West Midlands Leadership Board
CBRE UK LTD,West Midlands Leadership Board
CITIZEN Housing,West Midlands Leadership Board
City & Guilds Group,West Midlands Leadership Board
Coventry Building Society,West Midlands Leadership Board
Deloitte LLP,West Midlands Leadership Board
Henry Boot plc,West Midlands Leadership Board
Homeserve,West Midlands Leadership Board
HSBC Bank,West Midlands Leadership Board
Irwin Mitchell,West Midlands Leadership Board
JLL,West Midlands Leadership Board
KPMG,West Midlands Leadership Board
Mills & Reeve Solicitors,West Midlands Leadership Board
National Gas Transmission,West Midlands Leadership Board
NatWest Group,West Midlands Leadership Board
Pinsent Masons LLP,West Midlands Leadership Board
Severn Trent,West Midlands Leadership Board
The Coventry and Warwickshire Reinvestment Trust (CWRT),West Midlands Leadership Board
The Midcounties Co-operative,West Midlands Leadership Board
The University of Birmingham,West Midlands Leadership Board
The West Bromwich Building Society,West Midlands Leadership Board
University of Warwick,West Midlands Leadership Board
WJ Group,West Midlands Leadership Board
Anchor Hanover Group,Yorkshire & Humber Leadership Board
AVIVA,Yorkshire & Humber Leadership Board
Bettys & Taylors Group Ltd,Yorkshire & Humber Leadership Board
Deloitte LLP,Yorkshire & Humber Leadership Board
Emerald Group Publishing,Yorkshire & Humber Leadership Board
Enterprise Mobility,Yorkshire & Humber Leadership Board
Headlam Group plc,Yorkshire & Humber Leadership Board
Henry Boot plc,Yorkshire & Humber Leadership Board
"Huddersfield Business School, University of Huddersfield",Yorkshire & Humber Leadership Board
Irwin Mitchell,Yorkshire & Humber Leadership Board
KPMG,Yorkshire & Humber Leadership Board
Mills & Reeve Solicitors,Yorkshire & Humber Leadership Board
Northern Gas Networks,Yorkshire & Humber Leadership Board
Novus Property Solutions,Yorkshire & Humber Leadership Board
Pinsent Masons LLP,Yorkshire & Humber Leadership Board
PwC,Yorkshire & Humber Leadership Board
Solenis,Yorkshire & Humber Leadership Board
TransUnion,Yorkshire & Humber Leadership Board
Verizon UK Limited,Yorkshire & Humber Leadership Board
Yorkshire Building Society,Yorkshire & Humber Leadership Board
Arup,Sheffield Leadership Board
AVIVA,Sheffield Leadership Board
Barratt Developments PLC,Sheffield Leadership Board
CityFibre,Sheffield Leadership Board
Irwin Mitchell,Sheffield Leadership Board
Mott MacDonald Group,Sheffield Leadership Board
Pagegroup PLC,Sheffield Leadership Board
KPMG,Rochdale Leadership Board
Manchester Airports Group,Rochdale Leadership Board
NatWest Group,Rochdale Leadership Board
United Utilities,Rochdale Leadership Board
University of Manchester,Rochdale Leadership Board
Willmott Dixon,Rochdale Leadership Board
Anglian Water Group,Norwich Leadership Board
AVIVA,Norwich Leadership Board
CityFibre,Norwich Leadership Board
EMCOR (UK),Norwich Leadership Board
Flagship Housing Group Limited,Norwich Leadership Board
Kier Group,Norwich Leadership Board
Marsh McLennan,Norwich Leadership Board
Mills & Reeve Solicitors,Norwich Leadership Board
National Grid,Norwich Leadership Board
NatWest Group,Norwich Leadership Board
Orbit Group Ltd,Norwich Leadership Board
RWE Offshore,Norwich Leadership Board
Yorkshire Building Society,Norwich Leadership Board
Anthesis Consulting Group plc,Climate Action Leadership Team
AVIVA,Climate Action Leadership Team
BNP Paribas,Climate Action Leadership Team
bp,Climate Action Leadership Team
Greggs,Climate Action Leadership Team
Lloyds Banking Group,Climate Action Leadership Team
National Grid,Climate Action Leadership Team
PwC,Climate Action Leadership Team
Shoosmiths LLP,Climate Action Leadership Team
Siemens PLC,Climate Action Leadership Team
Sky,Climate Action Leadership Team
United Utilities,Climate Action Leadership Team
Victrex plc,Climate Action Leadership Team
Bain & Company,Race Leadership Team
BNP Paribas,Race Leadership Team
bp,Race Leadership Team
Deloitte LLP,Race Leadership Team
Enterprise Mobility,Race Leadership Team
Eversheds Sutherland,Race Leadership Team
FactSet,Race Leadership Team
Homeserve,Race Leadership Team
HSBC Bank,Race Leadership Team
KPMG,Race Leadership Team
London Stock Exchange Group,Race Leadership Team
Pertemps Ltd,Race Leadership Team
PwC,Race Leadership Team
Royal Mail,Race Leadership Team
Shell UK,Race Leadership Team
Spencer Stuart,Race Leadership Team
St James's Place,Race Leadership Team
XPS Group,Race Leadership Team
Aldermore,E&S Leadership Team
AXA UK & Ireland,E&S Leadership Team
bp,E&S Leadership Team
Capita Group,E&S Leadership Team
City & Guilds Group,E&S Leadership Team
Deloitte LLP,E&S Leadership Team
Fedcap Employment,E&S Leadership Team
Grant Thornton,E&S Leadership Team
Heathrow Airport Limited,E&S Leadership Team
KPMG,E&S Leadership Team
Lloyds Register Quality Assurance,E&S Leadership Team
National Grid,E&S Leadership Team
TESCO PLC,E&S Leadership Team
Thames Water,E&S Leadership Team
Walgreens Boots Alliance (WBA),E&S Leadership Team
Aldermore,E&S Leadership Team.1
AXA UK & Ireland,E&S Leadership Team.1
bp,E&S Leadership Team.1
Capita Group,E&S Leadership Team.1
City & Guilds Group,E&S Leadership Team.1
Deloitte LLP,E&S Leadership Team.1
Fedcap Employment,E&S Leadership Team.1
Grant Thornton,E&S Leadership Team.1
Heathrow Airport Limited,E&S Leadership Team.1
KPMG,E&S Leadership Team.1
Lloyds Register Quality Assurance,E&S Leadership Team.1
National Grid,E&S Leadership Team.1
TESCO PLC,E&S Leadership Team.1
Thames Water,E&S Leadership Team.1
Walgreens Boots Alliance (WBA),E&S Leadership Team.1
Cisco,Race Leadership Team.1
Costain Group,Race Leadership Team.1
Deloitte LLP,Race Leadership Team.1
Enterprise Mobility,Race Leadership Team.1
GlaxoSmithKline,Race Leadership Team.1
NatWest Group,Race Leadership Team.1
Norton Rose Fulbright,Race Leadership Team.1
PwC,Race Leadership Team.1
Shell UK,Race Leadership Team.1
TESCO PLC,Race Leadership Team.1
Thames Water,Race Leadership Team.1
Worldline,Race Leadership Team.1
BNP Paribas,Global Goals Leadership Team
Burger King,Global Goals Leadership Team
Hogan Lovells International LLP,Global Goals Leadership Team
InterContinental Hotels Group,Global Goals Leadership Team
Linklaters,Global Goals Leadership Team
Unilever,Global Goals Leadership Team
Anglian Water Group,Wellbeing Leadership Team
AXA UK & Ireland,Wellbeing Leadership Team
Bupa,Wellbeing Leadership Team
Costain Group,Wellbeing Leadership Team
Heathrow Airport Limited,Wellbeing Leadership Team
Holland & Barrett,Wellbeing Leadership Team
Kier Group,Wellbeing Leadership Team
Marsh McLennan,Wellbeing Leadership Team
Morgan Stanley,Wellbeing Leadership Team
Mott MacDonald Group,Wellbeing Leadership Team
National Grid,Wellbeing Leadership Team
Osborne Clarke,Wellbeing Leadership Team
Square Health,Wellbeing Leadership Team
GlaxoSmithKline,Responsible Business Leadership Team
Legal & General Group Plc,Welsh Leadership Team
Aldermore,Leadership Council
Allianz Insurance PLC,Leadership Council
AVIVA,Leadership Council
Barclays,Leadership Council
bp,Leadership Council
British Airways,Leadership Council
British Land,Leadership Council
Bupa,Leadership Council
Burges Salmon,Leadership Council
Costain Group,Leadership Council
Currys,Leadership Council
EY,Leadership Council
Grant Thornton,Leadership Council
Hogan Lovells International LLP,Leadership Council
JLL,Leadership Council
KPMG,Leadership Council
Marsh McLennan,Leadership Council
Northern Gas Networks,Leadership Council
Pennon Group,Leadership Council
Phoenix Group,Leadership Council
Pinsent Masons LLP,Leadership Council
Principality Building Society,Leadership Council
Royal Mail,Leadership Council
Shell UK,Leadership Council
Yorkshire Building Society,Leadership Council
ACT Training,Place
Amazon,Place
Anglian Water Group,Place
Arup,Place
Aston Martin Lagonda,Place
AtkinsRealis,Place
AVIVA,Place
Bakkafrost Scotland Limited,Place
Barratt Developments PLC,Place
Beaverbrooks the Jewellers,Place
Bishop Fleming,Place
Blackpool Football Club Ltd,Place
Bristol Airport,Place
British Airways,Place
Burges Salmon,Place
Capita Group,Place
Cisco,Place
City & Guilds Group,Place
CityFibre,Place
Costain Group,Place
Coventry Building Society,Place
Coventry City FC,Place
Crown Estate Scotland,Place
Deloitte LLP,Place
Dwr Cymru Welsh Water,Place
EMCOR (UK),Place
Enterprise Mobility,Place
Flagship Housing Group Limited,Place
Heathrow Airport Limited,Place
HSBC Bank,Place
Irwin Mitchell,Place
Jacobs,Place
Jaguar Land Rover,Place
JC Decaux,Place
JLL,Place
Kier Group,Place
KLA,Place
KPMG,Place
Legal & General Group Plc,Place
Linklaters,Place
Lloyds Banking Group,Place
Marsh McLennan,Place
Mills & Reeve Solicitors,Place
Mott MacDonald Group,Place
Muse Developments,Place
National Grid,Place
NatWest Group,Place
Nikal,Place
Orbit Group Ltd,Place
OVO Energy,Place
Pagegroup PLC,Place
Pobl Group,Place
Primark Stores Ltd,Place
PwC,Place
RWE Offshore,Place
Salesforce.com,Place
Santander UK,Place
Severn Trent,Place
Shell UK,Place
Sky,Place
Solenis,Place
Southern Water,Place
Sovereign Network Group,Place
STG Aerospace,Place
Tandem Bank,Place
United Utilities,Place
University of Manchester,Place
University of South Wales,Place
University of Warwick,Place
Verizon UK Limited,Place
Victrex plc,Place
Wales & West Utilities Ltd,Place
Willmott Dixon,Place
WM Morrison Supermarkets LTD,Place
Yorkshire Building Society,Place
Amazon,SIB 23/24
British Airways,SIB 23/24
Deloitte LLP,SIB 23/24
EY,SIB 23/24
Goldman Sachs International,SIB 23/24
Grant Thornton,SIB 23/24
KPMG,SIB 23/24
Linklaters,SIB 23/24
NatWest Group,SIB 23/24
Phoenix Group,SIB 23/24
PwC,SIB 23/24
Santander UK,SIB 23/24
United Utilities,SIB 23/24
Verizon UK Limited,SIB 23/24
Worldline,SIB 23/24
